workload,ws_mb,limit_mb,status,wall_sec,user_sec,sys_sec,cpu_util,majflt,minflt,promote_pages,promote_candidates,demote_pages,numa_pages_migrated,migrate_success,migrate_fail,numa_hint_faults,swap_in_pages,swap_out_pages,sys_majfault,node0_alloc_hit,node0_alloc_miss,alloc_local_pages,alloc_other_pages,roi_sec,work,checksum,work_unit,throughput,ns_per_work,factor,slowdown,bottleneck
stream,64,none,ok,0.07,0.031,0.039,0.9954,0,16417,,,0,,0,0,,0,0,0,16473,0,16473,0,0.010057,201326400.0,57889480,bytes,20018534354.181168,0.04995370701507602,none,1.0,
stream,64,128,ok,0.10,0.041,0.041,0.8036,7,16786,,,0,,0,0,,0,0,7,16898,0,16898,0,0.016224,201326400.0,57889480,bytes,12409171597.633137,0.08058555658870371,2.0,1.61,slowdown>=1.5x
stream,64,96,ok,0.11,0.037,0.041,0.6984,0,16792,,,0,,0,0,,0,0,0,16728,0,16728,0,0.010058,201326400.0,57889480,bytes,20016544044.54166,0.049958674073544256,1.5,1.0,
sort,64,none,ok,0.52,0.494,0.024,0.9993,0,16416,,,0,,0,0,,0,0,0,16509,0,16509,0,0.472275,92274688.0,6322441057187976606,compares,195383384.6805357,5.118142474781383,none,1.0,
sort,64,128,ok,0.58,0.504,0.044,0.9471,0,16790,,,0,,0,0,,0,0,0,20903,0,20903,0,0.485284,92274688.0,6322441057187976606,compares,190145745.58402914,5.2591237154873935,2.0,1.03,
sort,64,96,ok,0.55,0.509,0.02,0.967,0,16792,,,0,,0,0,,0,0,0,16728,0,16728,0,0.482314,92274688.0,6322441057187976606,compares,191316627.75702134,5.226937207308683,1.5,1.02,
sort,64,80,ok,0.54,0.497,0.028,0.9748,0,16792,,,0,,0,0,,0,0,0,16738,0,16738,0,0.466472,92274688.0,6322441057187976606,compares,197813990.97909415,5.055254155939275,1.25,0.99,
sort,64,64,ok,0.89,0.508,0.196,0.7901,297,46879,,,0,,0,0,,1992,30365,297,21108,0,21108,0,0.769815,92274688.0,6322441057187976606,compares,119866056.13036898,8.342645385048606,1.0,1.63,slowdown>=1.5x
sort,64,48,exit-9,1.25,0.337,0.257,0.4755,2926,40308,,,0,,0,0,,20369,35906,2927,39476,0,39476,0,,,,,,,0.75,,exit-9
gemm,16,none,ok,1.31,1.299,0.008,0.9997,0,3921,,,0,,0,0,,0,0,0,8606,0,8606,0,1.291757,3057647616.0,3786130,flops,2367045517.0748057,0.42246758365500287,none,1.0,
gemm,16,32,ok,1.34,1.316,0.004,0.9885,0,4297,,,0,,0,0,,0,0,0,5860,0,5860,0,1.302337,3057647616.0,3786130,flops,2347815976.97063,0.4259277600156263,2.0,1.01,
gemm,16,24,ok,1.30,1.278,0.0,0.9839,0,4297,,,0,,0,0,,0,0,0,8537,0,8537,0,1.261720,3057647616.0,3786130,flops,2423396328.820975,0.4126440186886467,1.5,0.98,
gemm,16,20,ok,1.33,1.296,0.012,0.9841,0,4297,,,0,,0,0,,0,0,0,7459,0,7459,0,1.295589,3057647616.0,3786130,flops,2360044440.0191727,0.42372083467711147,1.25,1.0,
gemm,16,16,ok,1.30,1.254,0.008,0.9717,0,4295,,,0,,0,0,,0,0,0,6474,0,6474,0,1.244669,3057647616.0,3786130,flops,2456594979.066724,0.40706750950859083,1.0,0.96,
gemm,16,12,ok,1.69,1.25,0.052,0.7685,2562,5359,,,0,,0,0,,2535,2759,2562,10974,0,10974,0,1.640371,3057647616.0,3786130,flops,1863997605.4197495,0.5364813758839632,0.75,1.27,
gemm,16,8,ok,1.79,1.266,0.056,0.7376,3599,5795,,,0,,0,0,,3554,3793,3599,13838,0,13838,0,1.696415,3057647616.0,3786130,flops,1802417224.558849,0.5548104991311072,0.5,1.31,
gemm,16,6,ok,2.37,1.276,0.117,0.5885,6526,6573,,,0,,0,0,,7461,5106,6527,16286,0,16286,0,2.277608,3057647616.0,3786130,flops,1342481944.2151592,0.7448889754600159,0.375,1.76,slowdown>=1.5x
gemm,16,4,exit-9,1.46,0.239,0.111,0.2404,8256,4329,,,0,,0,0,,8014,2662,8257,16825,0,16825,0,,,,,,,0.25,,exit-9
chase,64,none,ok,0.34,0.294,0.048,0.999,0,18465,,,0,,0,0,,0,0,0,18535,0,18535,0,0.280929,2097152.0,1099510579200,hops,7465060.566904806,133.9573860168457,none,1.0,
chase,64,128,ok,0.39,0.318,0.044,0.9298,0,18841,,,0,,0,0,,0,0,0,21054,0,21054,0,0.295666,2097152.0,1099510579200,hops,7092976.534332659,140.98453521728516,2.0,1.05,
chase,64,96,ok,0.38,0.307,0.044,0.9358,0,18842,,,0,,0,0,,0,0,0,18790,0,18790,0,0.283980,2097152.0,1099510579200,hops,7384858.0885977885,135.41221618652344,1.5,1.01,
chase,64,80,ok,0.37,0.3,0.047,0.948,0,18841,,,0,,0,0,,0,0,0,20421,0,20421,0,0.281271,2097152.0,1099510579200,hops,7455983.7309925305,134.12046432495117,1.25,1.0,
chase,64,64,exit-9,0.58,0.115,0.106,0.3816,2230,22439,,,0,,0,0,,2394,6170,2231,21294,0,21294,0,,,,,,,1.0,,exit-9
kvdecode,64,none,ok,0.41,0.374,0.032,0.9992,0,16215,,,0,,0,0,,0,0,0,16270,0,16270,0,0.323103,4218322944.0,3248353755,bytes,13055660096.006538,0.0765951313565432,none,1.0,
kvdecode,64,128,ok,0.41,0.378,0.02,0.9654,0,16590,,,0,,0,0,,0,0,0,16531,0,16531,0,0.318172,4218322944.0,3248353755,bytes,13257995499.289692,0.07542618339654557,2.0,0.98,
kvdecode,64,96,ok,0.45,0.398,0.028,0.9521,0,16592,,,0,,0,0,,0,0,0,19935,0,19935,0,0.346923,4218322944.0,3248353755,bytes,12159248432.64932,0.08224192519291382,1.5,1.07,
kvdecode,64,80,ok,0.43,0.367,0.04,0.9422,0,16591,,,0,,0,0,,0,0,0,16559,0,16559,0,0.319071,4218322944.0,3248353755,bytes,13220640371.57874,0.07563930126635653,1.25,0.99,
kvdecode,64,64,ok,0.40,0.342,0.04,0.9613,0,16589,,,0,,0,0,,0,0,0,16524,0,16524,0,0.297234,4218322944.0,3248353755,bytes,14191926038.071014,0.07046259946094824,1.0,0.92,
kvdecode,64,48,timeout,20.03,0.465,2.976,0.1718,132393,455929,,,0,,0,0,,568044,16567,132394,609285,0,609285,0,,,,,,,0.75,,timeout
graph,64,none,ok,1.41,1.375,0.028,0.9967,0,16217,,,0,,0,0,,0,0,0,17177,0,17177,0,0.150838,68157242.0,935230208702,edges,451857237.5661306,2.213088375847133,none,1.0,
graph,64,128,ok,1.41,1.366,0.024,0.9836,0,16593,,,0,,0,0,,0,0,0,18159,0,18159,0,0.151148,68157242.0,935230208702,edges,450930491.9681372,2.217636681953768,2.0,1.0,
graph,64,96,ok,1.44,1.381,0.044,0.9884,0,16592,,,0,,0,0,,0,0,0,18161,0,18161,0,0.152901,68157242.0,935230208702,edges,445760603.2661657,2.2433566193890297,1.5,1.01,
graph,64,80,ok,1.54,1.482,0.028,0.9829,0,16593,,,0,,0,0,,0,0,0,22942,0,22942,0,0.157170,68157242.0,935230208702,edges,433652999.9363746,2.3059911960639488,1.25,1.04,
graph,64,64,ok,1.48,1.398,0.06,0.9832,0,16592,,,0,,0,0,,0,0,0,18154,0,18154,0,0.159069,68157242.0,935230208702,edges,428475956.9746463,2.333853238955884,1.0,1.05,
graph,64,48,exit-9,5.05,1.059,0.598,0.3282,20437,28212,,,0,,0,0,,29274,36157,20439,54219,0,54219,0,,,,,,,0.75,,exit-9
kvstore,64,none,ok,0.37,0.35,0.024,0.9991,0,16417,,,0,,0,0,,0,0,0,16471,0,16471,0,0.276694,3145728.0,17376897525083101775,ops,11368978.00458268,87.95865376790364,none,1.0,
kvstore,64,128,ok,0.41,0.364,0.024,0.9545,0,16792,,,0,,0,0,,0,0,0,16730,0,16730,0,0.285797,3145728.0,17376897525083101775,ops,11006861.513591815,90.85241953531902,2.0,1.03,
kvstore,64,96,ok,0.41,0.359,0.028,0.944,0,16791,,,0,,0,0,,0,0,0,16726,0,16726,0,0.284911,3145728.0,17376897525083101775,ops,11041090.024604173,90.57076772054036,1.5,1.03,
kvstore,64,80,ok,0.41,0.353,0.032,0.9427,0,16791,,,0,,0,0,,0,0,0,17362,0,17362,0,0.270740,3145728.0,17376897525083101775,ops,11618999.778385168,86.06592814127605,1.25,0.98,
kvstore,64,64,exit-9,0.54,0.042,0.108,0.2794,2524,18126,,,0,,0,0,,2089,3178,2525,22339,0,22339,0,,,,,,,1.0,,exit-9
hashjoin,64,none,ok,0.29,0.26,0.028,0.9991,0,16417,,,0,,0,0,,0,0,0,16477,0,16477,0,0.249380,12582912.0,13742890449208,tuples,50456780.816424735,19.818941752115887,none,1.0,
hashjoin,64,128,ok,0.32,0.247,0.048,0.9151,0,16793,,,0,,0,0,,0,0,0,17598,0,17598,0,0.245993,12582912.0,13742890449208,tuples,51151504.311098285,19.549767176310223,2.0,0.99,
hashjoin,64,96,ok,0.32,0.242,0.056,0.9396,0,16792,,,0,,0,0,,0,0,0,16731,0,16731,0,0.237920,12582912.0,13742890449208,tuples,52887155.346334904,18.908182779947918,1.5,0.95,
hashjoin,64,80,ok,0.33,0.275,0.032,0.9276,0,16794,,,0,,0,0,,0,0,0,18359,0,18359,0,0.264172,12582912.0,13742890449208,tuples,47631512.80226519,20.994504292805992,1.25,1.06,
hashjoin,64,64,ok,0.47,0.307,0.078,0.8226,137,29646,,,0,,0,0,,841,12303,137,17885,0,17885,0,0.398786,12582912.0,13742890449208,tuples,31553043.486982994,31.692663828531902,1.0,1.6,slowdown>=1.5x
hashjoin,64,48,ok,1.30,0.362,0.25,0.4702,4873,53909,,,0,,0,0,,38252,12304,4873,59310,0,59310,0,1.196367,12582912.0,13742890449208,tuples,10517602.040176636,95.07870674133301,0.75,4.8,slowdown>=1.5x
